{
  "name": "aix-aleph-frontend",
  "version": "1.0.0",
  "lockfileVersion": 3,
  "requires": true,
  "packages": {
    "": {
      "name": "aix-aleph-frontend",
      "version": "1.0.0",
      "dependencies": {
        "react": "^18.2.0",
        "react-dom": "^18.2.0",
        "react-router-dom": "^6.23.1"
      },
      "devDependencies": {
        "@tailwindcss/typography": "^0.5.16",
        "@types/react": "^18.3.24",
        "@types/react-dom": "^18.3.7",
        "@vitejs/plugin-react": "^4.7.0",
        "autoprefixer": "^10.4.21",
        "postcss": "^8.5.6",
        "tailwindcss": "^4.1.12",
        "typescript": "^5.9.2",
        "vite": "^5.4.19"
      }
    },
    "node_modules/@ampproject/remapping": {
      "version": "2.3.0",
      "resolved": "https://registry.npmjs.org/@ampproject/remapping/-/remapping-2.3.0.tgz",
      "integrity": "sha512-30iZtAPgz+LTIYoeivqYo853f02jBYSd5uGnGpkFV0M3xOt9aN73erkgYAmZU43x4VfqcnLxW9Kpg3R5LC4YYw==",
      "dev": true,
      "license": "Apache-2.0",
      "dependencies": {
        "@jridgewell/gen-mapping": "^0.3.5",
        "@jridgewell/trace-mapping": "^0.3.24"
      },
      "engines": {
        "node": ">=6.0.0"
      }
    },
    "node_modules/@babel/code-frame": {
      "version": "7.27.1",
      "resolved": "https://registry.npmjs.org/@babel/code-frame/-/code-frame-7.27.1.tgz",
      "integrity": "sha512-cjQ7ZlQ0Mv3b47hABuTevyTuYN4i+loJKGeV9flcCgIK37cCXRh+L1bd3iBHlynerhQ7BhCkn2BPbQUL+rGqFg==",
      "dev": true,
      "license": "MIT",
      "dependencies": {
        "@babel/helper-validator-identifier": "^7.27.1",
        "js-tokens": "^4.0.0",
        "picocolors": "^1.1.1"
      },
      "engines": {
        "node": ">=6.9.0"
      }
    },
    "node_modules/@babel/compat-data": {
      "version": "7.28.0",
      "resolved": "https://registry.npmjs.org/@babel/compat-data/-/compat-data-7.28.0.tgz",
      "integrity": "sha512-60X7qkglvrap8mn1lh2ebxXdZYtUcpd7gsmy9kLaBJ4i/WdY8PqTSdxyA8qraikqKQK5C1KRBKXqznrVapyNaw==",
      "dev": true,
      "license": "MIT",
      "engines": {
        "node": ">=6.9.0"
      }
    },
    "node_modules/@babel/core": {
      "version": "7.28.3",
      "resolved": "https://registry.npmjs.org/@babel/core/-/core-7.28.3.tgz",
      "integrity": "sha512-yDBHV9kQNcr2/sUr9jghVyz9C3Y5G2zUM2H2lo+9mKv4sFgbA8s8Z9t8D1jiTkGoO/NoIfKMyKWr4s6CN23ZwQ==",
      "dev": true,
      "license": "MIT",
      "dependencies": {
        "@ampproject/remapping": "^2.2.0",
        "@babel/code-frame": "^7.27.1",
        "@babel/generator": "^7.28.3",
        "@babel/helper-compilation-targets": "^7.27.2",
        "@babel/helper-module-transforms": "^7.28.3",
        "@babel/helpers": "^7.28.3",
        "@babel/parser": "^7.28.3",
        "@babel/template": "^7.27.2",
        "@babel/traverse": "^7.28.3",
        "@babel/types": "^7.28.2",
        "convert-source-map": "^2.0.0",
        "debug": "^4.1.0",
        "gensync": "^1.0.0-beta.2",
        "json5": "^2.2.3",
        "semver": "^6.3.1"
      },
      "engines": {
        "node": ">=6.9.0"
      },
      "funding": {
        "type": "opencollective",
        "url": "https://opencollective.com/babel"
      }
    },
    "node_modules/@babel/core/node_modules/json5": {
      "version": "2.2.3",
      "resolved": "https://registry.npmjs.org/json5/-/json5-2.2.3.tgz",
      "integrity": "sha512-XmOWe7eyHYH14cLdVPoyg+GOH3rYX++KpzrylJwSW98t3Nk+U8XOl8FWKOgwtzdb8lXGf6zYwDUzeHMWfxasyg==",
      "dev": true,
      "license": "MIT",
      "bin": {
        "json5": "lib/cli.js"
      },
      "engines": {
        "node": ">=6"
      }
    },
    "node_modules/@babel/generator": {
      "version": "7.28.3",
      "resolved": "https://registry.npmjs.org/@babel/generator/-/generator-7.28.3.tgz",
      "integrity": "sha512-3lSpxGgvnmZznmBkCRnVREPUFJv2wrv9iAoFDvADJc0ypmdOxdUtcLeBgBJ6zE0PMeTKnxeQzyk0xTBq4Ep7zw==",
      "dev": true,
      "license": "MIT",
      "dependencies": {
        "@babel/parser": "^7.28.3",
        "@babel/types": "^7.28.2",
        "@jridgewell/gen-mapping": "^0.3.12",
        "@jridgewell/trace-mapping": "^0.3.28",
        "jsesc": "^3.0.2"
      },
      "engines": {
        "node": ">=6.9.0"
      }
    },
    "node_modules/@babel/helper-compilation-targets": {
      "version": "7.27.2",
      "resolved": "https://registry.npmjs.org/@babel/helper-compilation-targets/-/helper-compilation-targets-7.27.2.tgz",
      "integrity": "sha512-2+1thGUUWWjLTYTHZWK1n8Yga0ijBz1XAhUXcKy81rd5g6yh7hGqMp45v7cadSbEHc9G3OTv45SyneRN3ps4DQ==",
      "dev": true,
      "license": "MIT",
      "dependencies": {
        "@babel/compat-data": "^7.27.2",
        "@babel/helper-validator-option": "^7.27.1",
        "browserslist": "^4.24.0",
        "lru-cache": "^5.1.1",
        "semver": "^6.3.1"
      },
      "engines": {
        "node": ">=6.9.0"
      }
    },
    "node_modules/@babel/helper-globals": {
      "version": "7.28.0",
      "resolved": "https://registry.npmjs.org/@babel/helper-globals/-/helper-globals-7.28.0.tgz",
      "integrity": "sha512-+W6cISkXFa1jXsDEdYA8HeevQT/FULhxzR99pxphltZcVaugps53THCeiWA8SguxxpSp3gKPiuYfSWopkLQ4hw==",
      "dev": true,
      "license": "MIT",
      "engines": {
        "node": ">=6.9.0"
      }
    },
    "node_modules/@babel/helper-module-imports": {
      "version": "7.27.1",
      "resolved": "https://registry.npmjs.org/@babel/helper-module-imports/-/helper-module-imports-7.27.1.tgz",
      "integrity": "sha512-0gSFWUPNXNopqtIPQvlD5WgXYI5GY2kP2cCvoT8kczjbfcfuIljTbcWrulD1CIPIX2gt1wghbDy08yE1p+/r3w==",
      "dev": true,
      "license": "MIT",
      "dependencies": {
        "@babel/traverse": "^7.27.1",
        "@babel/types": "^7.27.1"
      },
      "engines": {
        "node": ">=6.9.0"
      }
    },
    "node_modules/@babel/helper-module-transforms": {
      "version": "7.28.3",
      "resolved": "https://registry.npmjs.org/@babel/helper-module-transforms/-/helper-module-transforms-7.28.3.tgz",
      "integrity": "sha512-gytXUbs8k2sXS9PnQptz5o0QnpLL51SwASIORY6XaBKF88nsOT0Zw9szLqlSGQDP/4TljBAD5y98p2U1fqkdsw==",
      "dev": true,
      "license": "MIT",
      "dependencies": {
        "@babel/helper-module-imports": "^7.27.1",
        "@babel/helper-validator-identifier": "^7.27.1",
        "@babel/traverse": "^7.28.3"
      },
      "engines": {
        "node": ">=6.9.0"
      },
      "peerDependencies": {
        "@babel/core": "^7.0.0"
      }
    },
    "node_modules/@babel/helper-plugin-utils": {
      "version": "7.27.1",
      "resolved": "https://registry.npmjs.org/@babel/helper-plugin-utils/-/helper-plugin-utils-7.27.1.tgz",
      "integrity": "sha512-1gn1Up5YXka3YYAHGKpbideQ5Yjf1tDa9qYcgysz+cNCXukyLl6DjPXhD3VRwSb8c0J9tA4b2+rHEZtc6R0tlw==",
      "dev": true,
      "license": "MIT",
      "engines": {
        "node": ">=6.9.0"
      }
    },
    "node_modules/@babel/helper-string-parser": {
      "version": "7.27.1",
      "resolved": "https://registry.npmjs.org/@babel/helper-string-parser/-/helper-string-parser-7.27.1.tgz",
      "integrity": "sha512-qMlSxKbpRlAridDExk92nSobyDdpPijUq2DW6oDnUqd0iOGxmQjyqhMIihI9+zv4LPyZdRje2cavWPbCbWm3eA==",
      "dev": true,
      "license": "MIT",
      "engines": {
        "node": ">=6.9.0"
      }
    },
    "node_modules/@babel/helper-validator-identifier": {
      "version": "7.27.1",
      "resolved": "https://registry.npmjs.org/@babel/helper-validator-identifier/-/helper-validator-identifier-7.27.1.tgz",
      "integrity": "sha512-D2hP9eA+Sqx1kBZgzxZh0y1trbuU+JoDkiEwqhQ36nodYqJwyEIhPSdMNd7lOm/4io72luTPWH20Yda0xOuUow==",
      "dev": true,
      "license": "MIT",
      "engines": {
        "node": ">=6.9.0"
      }
    },
    "node_modules/@babel/helper-validator-option": {
      "version": "7.27.1",
      "resolved": "https://registry.npmjs.org/@babel/helper-validator-option/-/helper-validator-option-7.27.1.tgz",
      "integrity": "sha512-YvjJow9FxbhFFKDSuFnVCe2WxXk1zWc22fFePVNEaWJEu8IrZVlda6N0uHwzZrUM1il7NC9Mlp4MaJYbYd9JSg==",
      "dev": true,
      "license": "MIT",
      "engines": {
        "node": ">=6.9.0"
      }
    },
    "node_modules/@babel/helpers": {
      "version": "7.28.3",
      "resolved": "https://registry.npmjs.org/@babel/helpers/-/helpers-7.28.3.tgz",
      "integrity": "sha512-PTNtvUQihsAsDHMOP5pfobP8C6CM4JWXmP8DrEIt46c3r2bf87Ua1zoqevsMo9g+tWDwgWrFP5EIxuBx5RudAw==",
      "dev": true,
      "license": "MIT",
      "dependencies": {
        "@babel/template": "^7.27.2",
        "@babel/types": "^7.28.2"
      },
      "engines": {
        "node": ">=6.9.0"
      }
    },
    "node_modules/@babel/parser": {
      "version": "7.28.3",
      "resolved": "https://registry.npmjs.org/@babel/parser/-/parser-7.28.3.tgz",
      "integrity": "sha512-7+Ey1mAgYqFAx2h0RuoxcQT5+MlG3GTV0TQrgr7/ZliKsm/MNDxVVutlWaziMq7wJNAz8MTqz55XLpWvva6StA==",
      "dev": true,
      "license": "MIT",
      "dependencies": {
        "@babel/types": "^7.28.2"
      },
      "bin": {
        "parser": "bin/babel-parser.js"
      },
      "engines": {
        "node": ">=6.0.0"
      }
    },
    "node_modules/@babel/plugin-transform-react-jsx-self": {
      "version": "7.27.1",
      "resolved": "https://registry.npmjs.org/@babel/plugin-transform-react-jsx-self/-/plugin-transform-react-jsx-self-7.27.1.tgz",
      "integrity": "sha512-6UzkCs+ejGdZ5mFFC/OCUrv028ab2fp1znZmCZjAOBKiBK2jXD1O+BPSfX8X2qjJ75fZBMSnQn3Rq2mrBJK2mw==",
      "dev": true,
      "license": "MIT",
      "dependencies": {
        "@babel/helper-plugin-utils": "^7.27.1"
      },
      "engines": {
        "node": ">=6.9.0"
      },
      "peerDependencies": {
        "@babel/core": "^7.0.0-0"
      }
    },
    "node_modules/@babel/plugin-transform-react-jsx-source": {
      "version": "7.27.1",
      "resolved": "https://registry.npmjs.org/@babel/plugin-transform-react-jsx-source/-/plugin-transform-react-jsx-source-7.27.1.tgz",
      "integrity": "sha512-zbwoTsBruTeKB9hSq73ha66iFeJHuaFkUbwvqElnygoNbj/jHRsSeokowZFN3CZ64IvEqcmmkVe89OPXc7ldAw==",
      "dev": true,
      "license": "MIT",
      "dependencies": {
        "@babel/helper-plugin-utils": "^7.27.1"
      },
      "engines": {
        "node": ">=6.9.0"
      },
      "peerDependencies": {
        "@babel/core": "^7.0.0-0"
      }
    },
    "node_modules/@babel/template": {
      "version": "7.27.2",
      "resolved": "https://registry.npmjs.org/@babel/template/-/template-7.27.2.tgz",
      "integrity": "sha512-LPDZ85aEJyYSd18/DkjNh4/y1ntkE5KwUHWTiqgRxruuZL2F1yuHligVHLvcHY2vMHXttKFpJn6LwfI7cw7ODw==",
      "dev": true,
      "license": "MIT",
      "dependencies": {
        "@babel/code-frame": "^7.27.1",
        "@babel/parser": "^7.27.2",
        "@babel/types": "^7.27.1"
      },
      "engines": {
        "node": ">=6.9.0"
      }
    },
    "node_modules/@babel/traverse": {
      "version": "7.28.3",
      "resolved": "https://registry.npmjs.org/@babel/traverse/-/traverse-7.28.3.tgz",
      "integrity": "sha512-7w4kZYHneL3A6NP2nxzHvT3HCZ7puDZZjFMqDpBPECub79sTtSO5CGXDkKrTQq8ksAwfD/XI2MRFX23njdDaIQ==",
      "dev": true,
      "license": "MIT",
      "dependencies": {
        "@babel/code-frame": "^7.27.1",
        "@babel/generator": "^7.28.3",
        "@babel/helper-globals": "^7.28.0",
        "@babel/parser": "^7.28.3",
        "@babel/template": "^7.27.2",
        "@babel/types": "^7.28.2",
        "debug": "^4.3.1"
      },
      "engines": {
        "node": ">=6.9.0"
      }
    },
    "node_modules/@babel/types": {
      "version": "7.28.2",
      "resolved": "https://registry.npmjs.org/@babel/types/-/types-7.28.2.tgz",
      "integrity": "sha512-ruv7Ae4J5dUYULmeXw1gmb7rYRz57OWCPM57pHojnLq/3Z1CK2lNSLTCVjxVk1F/TZHwOZZrOWi0ur95BbLxNQ==",
      "dev": true,
      "license": "MIT",
      "dependencies": {
        "@babel/helper-string-parser": "^7.27.1",
        "@babel/helper-validator-identifier": "^7.27.1"
      },
      "engines": {
        "node": ">=6.9.0"
      }
    },
    "node_modules/@esbuild/aix-ppc64": {
      "version": "0.21.5",
      "resolved": "https://registry.npmjs.org/@esbuild/aix-ppc64/-/aix-ppc64-0.21.5.tgz",
      "integrity": "sha512-1SDgH6ZSPTlggy1yI6+Dbkiz8xzpHJEVAlF/AM1tHPLsf5STom9rwtjE4hKAF20FfXXNTFqEYXyJNWh1GiZedQ==",
      "cpu": [
        "ppc64"
      ],
      "dev": true,
      "license": "MIT",
      "optional": true,
      "os": [
        "aix"
      ],
      "engines": {
        "node": ">=12"
      }
    },
    "node_modules/@esbuild/android-arm": {
      "version": "0.21.5",
      "resolved": "https://registry.npmjs.org/@esbuild/android-arm/-/android-arm-0.21.5.tgz",
      "integrity": "sha512-vCPvzSjpPHEi1siZdlvAlsPxXl7WbOVUBBAowWug4rJHb68Ox8KualB+1ocNvT5fjv6wpkX6o/iEpbDrf68zcg==",
      "cpu": [
        "arm"
      ],
      "dev": true,
      "license": "MIT",
      "optional": true,
      "os": [
        "android"
      ],
      "engines": {
        "node": ">=12"
      }
    },
    "node_modules/@esbuild/android-arm64": {
      "version": "0.21.5",
      "resolved": "https://registry.npmjs.org/@esbuild/android-arm64/-/android-arm64-0.21.5.tgz",
      "integrity": "sha512-c0uX9VAUBQ7dTDCjq+wdyGLowMdtR/GoC2U5IYk/7D1H1JYC0qseD7+11iMP2mRLN9RcCMRcjC4YMclCzGwS/A==",
      "cpu": [
        "arm64"
      ],
      "dev": true,
      "license": "MIT",
      "optional": true,
      "os": [
        "android"
      ],
      "engines": {
        "node": ">=12"
      }
    },
    "node_modules/@esbuild/android-x64": {
      "version": "0.21.5",
      "resolved": "https://registry.npmjs.org/@esbuild/android-x64/-/android-x64-0.21.5.tgz",
      "integrity": "sha512-D7aPRUUNHRBwHxzxRvp856rjUHRFW1SdQATKXH2hqA0kAZb1hKmi02OpYRacl0TxIGz/ZmXWlbZgjwWYaCakTA==",
      "cpu": [
        "x64"
      ],
      "dev": true,
      "license": "MIT",
      "optional": true,
      "os": [
        "android"
      ],
      "engines": {
        "node": ">=12"
      }
    },
    "node_modules/@esbuild/darwin-arm64": {
      "version": "0.21.5",
      "resolved": "https://registry.npmjs.org/@esbuild/darwin-arm64/-/darwin-arm64-0.21.5.tgz",
      "integrity": "sha512-DwqXqZyuk5AiWWf3UfLiRDJ5EDd49zg6O9wclZ7kUMv2WRFr4HKjXp/5t8JZ11QbQfUS6/cRCKGwYhtNAY88kQ==",
      "cpu": [
        "arm64"
      ],
      "dev": true,
      "license": "MIT",
      "optional": true,
      "os": [
        "darwin"
      ],
      "engines": {
        "node": ">=12"
      }
    },
    "node_modules/@esbuild/darwin-x64": {
      "version": "0.21.5",
      "resolved": "https://registry.npmjs.org/@esbuild/darwin-x64/-/darwin-x64-0.21.5.tgz",
      "integrity": "sha512-se/JjF8NlmKVG4kNIuyWMV/22ZaerB+qaSi5MdrXtd6R08kvs2qCN4C09miupktDitvh8jRFflwGFBQcxZRjbw==",
      "cpu": [
        "x64"
      ],
      "dev": true,
      "license": "MIT",
      "optional": true,
      "os": [
        "darwin"
      ],
      "engines": {
        "node": ">=12"
      }
    },
    "node_modules/@esbuild/freebsd-arm64": {
      "version": "0.21.5",
      "resolved": "https://registry.npmjs.org/@esbuild/freebsd-arm64/-/freebsd-arm64-0.21.5.tgz",
      "integrity": "sha512-5JcRxxRDUJLX8JXp/wcBCy3pENnCgBR9bN6JsY4OmhfUtIHe3ZW0mawA7+RDAcMLrMIZaf03NlQiX9DGyB8h4g==",
      "cpu": [
        "arm64"
      ],
      "dev": true,
      "license": "MIT",
      "optional": true,
      "os": [
        "freebsd"
      ],
      "engines": {
        "node": ">=12"
      }
    },
    "node_modules/@esbuild/freebsd-x64": {
      "version": "0.21.5",
      "resolved": "https://registry.npmjs.org/@esbuild/freebsd-x64/-/freebsd-x64-0.21.5.tgz",
      "integrity": "sha512-J95kNBj1zkbMXtHVH29bBriQygMXqoVQOQYA+ISs0/2l3T9/kj42ow2mpqerRBxDJnmkUDCaQT/dfNXWX/ZZCQ==",
      "cpu": [
        "x64"
      ],
      "dev": true,
      "license": "MIT",
      "optional": true,
      "os": [
        "freebsd"
      ],
      "engines": {
        "node": ">=12"
      }
    },
    "node_modules/@esbuild/linux-arm": {
      "version": "0.21.5",
      "resolved": "https://registry.npmjs.org/@esbuild/linux-arm/-/linux-arm-0.21.5.tgz",
      "integrity": "sha512-bPb5AHZtbeNGjCKVZ9UGqGwo8EUu4cLq68E95A53KlxAPRmUyYv2D6F0uUI65XisGOL1hBP5mTronbgo+0bFcA==",
      "cpu": [
        "arm"
      ],
      "dev": true,
      "license": "MIT",
      "optional": true,
      "os": [
        "linux"
      ],
      "engines": {
        "node": ">=12"
      }
    },
    "node_modules/@esbuild/linux-arm64": {
      "version": "0.21.5",
      "resolved": "https://registry.npmjs.org/@esbuild/linux-arm64/-/linux-arm64-0.21.5.tgz",
      "integrity": "sha512-ibKvmyYzKsBeX8d8I7MH/TMfWDXBF3db4qM6sy+7re0YXya+K1cem3on9XgdT2EQGMu4hQyZhan7TeQ8XkGp4Q==",
      "cpu": [
        "arm64"
      ],
      "dev": true,
      "license": "MIT",
      "optional": true,
      "os": [
        "linux"
      ],
      "engines": {
        "node": ">=12"
      }
    },
    "node_modules/@esbuild/linux-ia32": {
      "version": "0.21.5",
      "resolved": "https://registry.npmjs.org/@esbuild/linux-ia32/-/linux-ia32-0.21.5.tgz",
      "integrity": "sha512-YvjXDqLRqPDl2dvRODYmmhz4rPeVKYvppfGYKSNGdyZkA01046pLWyRKKI3ax8fbJoK5QbxblURkwK/MWY18Tg==",
      "cpu": [
        "ia32"
      ],
      "dev": true,
      "license": "MIT",
      "optional": true,
      "os": [
        "linux"
      ],
      "engines": {
        "node": ">=12"
      }
    },
    "node_modules/@esbuild/linux-loong64": {
      "version": "0.21.5",
      "resolved": "https://registry.npmjs.org/@esbuild/linux-loong64/-/linux-loong64-0.21.5.tgz",
      "integrity": "sha512-uHf1BmMG8qEvzdrzAqg2SIG/02+4/DHB6a9Kbya0XDvwDEKCoC8ZRWI5JJvNdUjtciBGFQ5PuBlpEOXQj+JQSg==",
      "cpu": [
        "loong64"
      ],
      "dev": true,
      "license": "MIT",
      "optional": true,
      "os": [
        "linux"
      ],
      "engines": {
        "node": ">=12"
      }
    },
    "node_modules/@esbuild/linux-mips64el": {
      "version": "0.21.5",
      "resolved": "https://registry.npmjs.org/@esbuild/linux-mips64el/-/linux-mips64el-0.21.5.tgz",
      "integrity": "sha512-IajOmO+KJK23bj52dFSNCMsz1QP1DqM6cwLUv3W1QwyxkyIWecfafnI555fvSGqEKwjMXVLokcV5ygHW5b3Jbg==",
      "cpu": [
        "mips64el"
      ],
      "dev": true,
      "license": "MIT",
      "optional": true,
      "os": [
        "linux"
      ],
      "engines": {
        "node": ">=12"
      }
    },
    "node_modules/@esbuild/linux-ppc64": {
      "version": "0.21.5",
      "resolved": "https://registry.npmjs.org/@esbuild/linux-ppc64/-/linux-ppc64-0.21.5.tgz",
      "integrity": "sha512-1hHV/Z4OEfMwpLO8rp7CvlhBDnjsC3CttJXIhBi+5Aj5r+MBvy4egg7wCbe//hSsT+RvDAG7s81tAvpL2XAE4w==",
      "cpu": [
        "ppc64"
      ],
      "dev": true,
      "license": "MIT",
      "optional": true,
      "os": [
        "linux"
      ],
      "engines": {
        "node": ">=12"
      }
    },
    "node_modules/@esbuild/linux-riscv64": {
      "version": "0.21.5",
      "resolved": "https://registry.npmjs.org/@esbuild/linux-riscv64/-/linux-riscv64-0.21.5.tgz",
      "integrity": "sha512-2HdXDMd9GMgTGrPWnJzP2ALSokE/0O5HhTUvWIbD3YdjME8JwvSCnNGBnTThKGEB91OZhzrJ4qIIxk/SBmyDDA==",
      "cpu": [
        "riscv64"
      ],
      "dev": true,
      "license": "MIT",
      "optional": true,
      "os": [
        "linux"
      ],
      "engines": {
        "node": ">=12"
      }
    },
    "node_modules/@esbuild/linux-s390x": {
      "version": "0.21.5",
      "resolved": "https://registry.npmjs.org/@esbuild/linux-s390x/-/linux-s390x-0.21.5.tgz",
      "integrity": "sha512-zus5sxzqBJD3eXxwvjN1yQkRepANgxE9lgOW2qLnmr8ikMTphkjgXu1HR01K4FJg8h1kEEDAqDcZQtbrRnB41A==",
      "cpu": [
        "s390x"
      ],
      "dev": true,
      "license": "MIT",
      "optional": true,
      "os": [
        "linux"
      ],
      "engines": {
        "node": ">=12"
      }
    },
    "node_modules/@esbuild/linux-x64": {
      "version": "0.21.5",
      "resolved": "https://registry.npmjs.org/@esbuild/linux-x64/-/linux-x64-0.21.5.tgz",
      "integrity": "sha512-1rYdTpyv03iycF1+BhzrzQJCdOuAOtaqHTWJZCWvijKD2N5Xu0TtVC8/+1faWqcP9iBCWOmjmhoH94dH82BxPQ==",
      "cpu": [
        "x64"
      ],
      "dev": true,
      "license": "MIT",
      "optional": true,
      "os": [
        "linux"
      ],
      "engines": {
        "node": ">=12"
      }
    },
    "node_modules/@esbuild/netbsd-x64": {
      "version": "0.21.5",
      "resolved": "https://registry.npmjs.org/@esbuild/netbsd-x64/-/netbsd-x64-0.21.5.tgz",
      "integrity": "sha512-Woi2MXzXjMULccIwMnLciyZH4nCIMpWQAs049KEeMvOcNADVxo0UBIQPfSmxB3CWKedngg7sWZdLvLczpe0tLg==",
      "cpu": [
        "x64"
      ],
      "dev": true,
      "license": "MIT",
      "optional": true,
      "os": [
        "netbsd"
      ],
      "engines": {
        "node": ">=12"
      }
    },
    "node_modules/@esbuild/openbsd-x64": {
      "version": "0.21.5",
      "resolved": "https://registry.npmjs.org/@esbuild/openbsd-x64/-/openbsd-x64-0.21.5.tgz",
      "integrity": "sha512-HLNNw99xsvx12lFBUwoT8EVCsSvRNDVxNpjZ7bPn947b8gJPzeHWyNVhFsaerc0n3TsbOINvRP2byTZ5LKezow==",
      "cpu": [
        "x64"
      ],
      "dev": true,
      "license": "MIT",
      "optional": true,
      "os": [
        "openbsd"
      ],
      "engines": {
        "node": ">=12"
      }
    },
    "node_modules/@esbuild/sunos-x64": {
      "version": "0.21.5",
      "resolved": "https://registry.npmjs.org/@esbuild/sunos-x64/-/sunos-x64-0.21.5.tgz",
      "integrity": "sha512-6+gjmFpfy0BHU5Tpptkuh8+uw3mnrvgs+dSPQXQOv3ekbordwnzTVEb4qnIvQcYXq6gzkyTnoZ9dZG+D4garKg==",
      "cpu": [
        "x64"
      ],
      "dev": true,
      "license": "MIT",
      "optional": true,
      "os": [
        "sunos"
      ],
      "engines": {
        "node": ">=12"
      }
    },
    "node_modules/@esbuild/win32-arm64": {
      "version": "0.21.5",
      "resolved": "https://registry.npmjs.org/@esbuild/win32-arm64/-/win32-arm64-0.21.5.tgz",
      "integrity": "sha512-Z0gOTd75VvXqyq7nsl93zwahcTROgqvuAcYDUr+vOv8uHhNSKROyU961kgtCD1e95IqPKSQKH7tBTslnS3tA8A==",
      "cpu": [
        "arm64"
      ],
      "dev": true,
      "license": "MIT",
      "optional": true,
      "os": [
        "win32"
      ],
      "engines": {
        "node": ">=12"
      }
    },
    "node_modules/@esbuild/win32-ia32": {
      "version": "0.21.5",
      "resolved": "https://registry.npmjs.org/@esbuild/win32-ia32/-/win32-ia32-0.21.5.tgz",
      "integrity": "sha512-SWXFF1CL2RVNMaVs+BBClwtfZSvDgtL//G/smwAc5oVK/UPu2Gu9tIaRgFmYFFKrmg3SyAjSrElf0TiJ1v8fYA==",
      "cpu": [
        "ia32"
      ],
      "dev": true,
      "license": "MIT",
      "optional": true,
      "os": [
        "win32"
      ],
      "engines": {
        "node": ">=12"
      }
    },
    "node_modules/@esbuild/win32-x64": {
      "version": "0.21.5",
      "resolved": "https://registry.npmjs.org/@esbuild/win32-x64/-/win32-x64-0.21.5.tgz",
      "integrity": "sha512-tQd/1efJuzPC6rCFwEvLtci/xNFcTZknmXs98FYDfGE4wP9ClFV98nyKrzJKVPMhdDnjzLhdUyMX4PsQAPjwIw==",
      "cpu": [
        "x64"
      ],
      "dev": true,
      "license": "MIT",
      "optional": true,
      "os": [
        "win32"
      ],
      "engines": {
        "node": ">=12"
      }
    },
    "node_modules/@jridgewell/gen-mapping": {
      "version": "0.3.13",
      "resolved": "https://registry.npmjs.org/@jridgewell/gen-mapping/-/gen-mapping-0.3.13.tgz",
      "integrity": "sha512-2kkt/7niJ6MgEPxF0bYdQ6etZaA+fQvDcLKckhy1yIQOzaoKjBBjSj63/aLVjYE3qhRt5dvM+uUyfCg6UKCBbA==",
      "dev": true,
      "license": "MIT",
      "dependencies": {
        "@jridgewell/sourcemap-codec": "^1.5.0",
        "@jridgewell/trace-mapping": "^0.3.24"
      }
    },
    "node_modules/@jridgewell/resolve-uri": {
      "version": "3.1.2",
      "resolved": "https://registry.npmjs.org/@jridgewell/resolve-uri/-/resolve-uri-3.1.2.tgz",
      "integrity": "sha512-bRISgCIjP20/tbWSPWMEi54QVPRZExkuD9lJL+UIxUKtwVJA8wW1Trb1jMs1RFXo1CBTNZ/5hpC9QvmKWdopKw==",
      "dev": true,
      "license": "MIT",
      "engines": {
        "node": ">=6.0.0"
      }
    },
    "node_modules/@jridgewell/sourcemap-codec": {
      "version": "1.5.5",
      "resolved": "https://registry.npmjs.org/@jridgewell/sourcemap-codec/-/sourcemap-codec-1.5.5.tgz",
      "integrity": "sha512-cYQ9310grqxueWbl+WuIUIaiUaDcj7WOq5fVhEljNVgRfOUhY9fy2zTvfoqWsnebh8Sl70VScFbICvJnLKB0Og==",
      "dev": true,
      "license": "MIT"
    },
    "node_modules/@jridgewell/trace-mapping": {
      "version": "0.3.30",
      "resolved": "https://registry.npmjs.org/@jridgewell/trace-mapping/-/trace-mapping-0.3.30.tgz",
      "integrity": "sha512-GQ7Nw5G2lTu/BtHTKfXhKHok2WGetd4XYcVKGx00SjAk8GMwgJM3zr6zORiPGuOE+/vkc90KtTosSSvaCjKb2Q==",
      "dev": true,
      "license": "MIT",
      "dependencies": {
        "@jridgewell/resolve-uri": "^3.1.0",
        "@jridgewell/sourcemap-codec": "^1.4.14"
      }
    },
    "node_modules/@remix-run/router": {
      "version": "1.23.0",
      "resolved": "https://registry.npmjs.org/@remix-run/router/-/router-1.23.0.tgz",
      "integrity": "sha512-O3rHJzAQKamUz1fvE0Qaw0xSFqsA/yafi2iqeE0pvdFtCO1viYx8QL6f3Ln/aCCTLxs68SLf0KPM9eSeM8yBnA==",
      "license": "MIT",
      "engines": {
        "node": ">=14.0.0"
      }
    },
    "node_modules/@rolldown/pluginutils": {
      "version": "1.0.0-beta.27",
      "resolved": "https://registry.npmjs.org/@rolldown/pluginutils/-/pluginutils-1.0.0-beta.27.tgz",
      "integrity": "sha512-+d0F4MKMCbeVUJwG96uQ4SgAznZNSq93I3V+9NHA4OpvqG8mRCpGdKmK8l/dl02h2CCDHwW2FqilnTyDcAnqjA==",
      "dev": true,
      "license": "MIT"
    },
    "node_modules/@rollup/rollup-android-arm-eabi": {
      "version": "4.50.0",
      "resolved": "https://registry.npmjs.org/@rollup/rollup-android-arm-eabi/-/rollup-android-arm-eabi-4.50.0.tgz",
      "integrity": "sha512-lVgpeQyy4fWN5QYebtW4buT/4kn4p4IJ+kDNB4uYNT5b8c8DLJDg6titg20NIg7E8RWwdWZORW6vUFfrLyG3KQ==",
      "cpu": [
        "arm"
      ],
      "dev": true,
      "license": "MIT",
      "optional": true,
      "os": [
        "android"
      ]
    },
    "node_modules/@rollup/rollup-android-arm64": {
      "version": "4.50.0",
      "resolved": "https://registry.npmjs.org/@rollup/rollup-android-arm64/-/rollup-android-arm64-4.50.0.tgz",
      "integrity": "sha512-2O73dR4Dc9bp+wSYhviP6sDziurB5/HCym7xILKifWdE9UsOe2FtNcM+I4xZjKrfLJnq5UR8k9riB87gauiQtw==",
      "cpu": [
        "arm64"
      ],
      "dev": true,
      "license": "MIT",
      "optional": true,
      "os": [
        "android"
      ]
    },
    "node_modules/@rollup/rollup-darwin-arm64": {
      "version": "4.50.0",
      "resolved": "https://registry.npmjs.org/@rollup/rollup-darwin-arm64/-/rollup-darwin-arm64-4.50.0.tgz",
      "integrity": "sha512-vwSXQN8T4sKf1RHr1F0s98Pf8UPz7pS6P3LG9NSmuw0TVh7EmaE+5Ny7hJOZ0M2yuTctEsHHRTMi2wuHkdS6Hg==",
      "cpu": [
        "arm64"
      ],
      "dev": true,
      "license": "MIT",
      "optional": true,
      "os": [
        "darwin"
      ]
    },
    "node_modules/@rollup/rollup-darwin-x64": {
      "version": "4.50.0",
      "resolved": "https://registry.npmjs.org/@rollup/rollup-darwin-x64/-/rollup-darwin-x64-4.50.0.tgz",
      "integrity": "sha512-cQp/WG8HE7BCGyFVuzUg0FNmupxC+EPZEwWu2FCGGw5WDT1o2/YlENbm5e9SMvfDFR6FRhVCBePLqj0o8MN7Vw==",
      "cpu": [
        "x64"
      ],
      "dev": true,
      "license": "MIT",
      "optional": true,
      "os": [
        "darwin"
      ]
    },
    "node_modules/@rollup/rollup-freebsd-arm64": {
      "version": "4.50.0",
      "resolved": "https://registry.npmjs.org/@rollup/rollup-freebsd-arm64/-/rollup-freebsd-arm64-4.50.0.tgz",
      "integrity": "sha512-UR1uTJFU/p801DvvBbtDD7z9mQL8J80xB0bR7DqW7UGQHRm/OaKzp4is7sQSdbt2pjjSS72eAtRh43hNduTnnQ==",
      "cpu": [
        "arm64"
      ],
      "dev": true,
      "license": "MIT",
      "optional": true,
      "os": [
        "freebsd"
      ]
    },
    "node_modules/@rollup/rollup-freebsd-x64": {
      "version": "4.50.0",
      "resolved": "https://registry.npmjs.org/@rollup/rollup-freebsd-x64/-/rollup-freebsd-x64-4.50.0.tgz",
      "integrity": "sha512-G/DKyS6PK0dD0+VEzH/6n/hWDNPDZSMBmqsElWnCRGrYOb2jC0VSupp7UAHHQ4+QILwkxSMaYIbQ72dktp8pKA==",
      "cpu": [
        "x64"
      ],
      "dev": true,
      "license": "MIT",
      "optional": true,
      "os": [
        "freebsd"
      ]
    },
    "node_modules/@rollup/rollup-linux-arm-gnueabihf": {
      "version": "4.50.0",
      "resolved": "https://registry.npmjs.org/@rollup/rollup-linux-arm-gnueabihf/-/rollup-linux-arm-gnueabihf-4.50.0.tgz",
      "integrity": "sha512-u72Mzc6jyJwKjJbZZcIYmd9bumJu7KNmHYdue43vT1rXPm2rITwmPWF0mmPzLm9/vJWxIRbao/jrQmxTO0Sm9w==",
      "cpu": [
        "arm"
      ],
      "dev": true,
      "license": "MIT",
      "optional": true,
      "os": [
        "linux"
      ]
    },
    "node_modules/@rollup/rollup-linux-arm-musleabihf": {
      "version": "4.50.0",
      "resolved": "https://registry.npmjs.org/@rollup/rollup-linux-arm-musleabihf/-/rollup-linux-arm-musleabihf-4.50.0.tgz",
      "integrity": "sha512-S4UefYdV0tnynDJV1mdkNawp0E5Qm2MtSs330IyHgaccOFrwqsvgigUD29uT+B/70PDY1eQ3t40+xf6wIvXJyg==",
      "cpu": [
        "arm"
      ],
      "dev": true,
      "license": "MIT",
      "optional": true,
      "os": [
        "linux"
      ]
    },
    "node_modules/@rollup/rollup-linux-arm64-gnu": {
      "version": "4.50.0",
      "resolved": "https://registry.npmjs.org/@rollup/rollup-linux-arm64-gnu/-/rollup-linux-arm64-gnu-4.50.0.tgz",
      "integrity": "sha512-1EhkSvUQXJsIhk4msxP5nNAUWoB4MFDHhtc4gAYvnqoHlaL9V3F37pNHabndawsfy/Tp7BPiy/aSa6XBYbaD1g==",
      "cpu": [
        "arm64"
      ],
      "dev": true,
      "license": "MIT",
      "optional": true,
      "os": [
        "linux"
      ]
    },
    "node_modules/@rollup/rollup-linux-arm64-musl": {
      "version": "4.50.0",
      "resolved": "https://registry.npmjs.org/@rollup/rollup-linux-arm64-musl/-/rollup-linux-arm64-musl-4.50.0.tgz",
      "integrity": "sha512-EtBDIZuDtVg75xIPIK1l5vCXNNCIRM0OBPUG+tbApDuJAy9mKago6QxX+tfMzbCI6tXEhMuZuN1+CU8iDW+0UQ==",
      "cpu": [
        "arm64"
      ],
      "dev": true,
      "license": "MIT",
      "optional": true,
      "os": [
        "linux"
      ]
    },
    "node_modules/@rollup/rollup-linux-loongarch64-gnu": {
      "version": "4.50.0",
      "resolved": "https://registry.npmjs.org/@rollup/rollup-linux-loongarch64-gnu/-/rollup-linux-loongarch64-gnu-4.50.0.tgz",
      "integrity": "sha512-BGYSwJdMP0hT5CCmljuSNx7+k+0upweM2M4YGfFBjnFSZMHOLYR0gEEj/dxyYJ6Zc6AiSeaBY8dWOa11GF/ppQ==",
      "cpu": [
        "loong64"
      ],
      "dev": true,
      "license": "MIT",
      "optional": true,
      "os": [
        "linux"
      ]
    },
    "node_modules/@rollup/rollup-linux-ppc64-gnu": {
      "version": "4.50.0",
      "resolved": "https://registry.npmjs.org/@rollup/rollup-linux-ppc64-gnu/-/rollup-linux-ppc64-gnu-4.50.0.tgz",
      "integrity": "sha512-I1gSMzkVe1KzAxKAroCJL30hA4DqSi+wGc5gviD0y3IL/VkvcnAqwBf4RHXHyvH66YVHxpKO8ojrgc4SrWAnLg==",
      "cpu": [
        "ppc64"
      ],
      "dev": true,
      "license": "MIT",
      "optional": true,
      "os": [
        "linux"
      ]
    },
    "node_modules/@rollup/rollup-linux-riscv64-gnu": {
      "version": "4.50.0",
      "resolved": "https://registry.npmjs.org/@rollup/rollup-linux-riscv64-gnu/-/rollup-linux-riscv64-gnu-4.50.0.tgz",
      "integrity": "sha512-bSbWlY3jZo7molh4tc5dKfeSxkqnf48UsLqYbUhnkdnfgZjgufLS/NTA8PcP/dnvct5CCdNkABJ56CbclMRYCA==",
      "cpu": [
        "riscv64"
      ],
      "dev": true,
      "license": "MIT",
      "optional": true,
      "os": [
        "linux"
      ]
    },
    "node_modules/@rollup/rollup-linux-riscv64-musl": {
      "version": "4.50.0",
      "resolved": "https://registry.npmjs.org/@rollup/rollup-linux-riscv64-musl/-/rollup-linux-riscv64-musl-4.50.0.tgz",
      "integrity": "sha512-LSXSGumSURzEQLT2e4sFqFOv3LWZsEF8FK7AAv9zHZNDdMnUPYH3t8ZlaeYYZyTXnsob3htwTKeWtBIkPV27iQ==",
      "cpu": [
        "riscv64"
      ],
      "dev": true,
      "license": "MIT",
      "optional": true,
      "os": [
        "linux"
      ]
    },
    "node_modules/@rollup/rollup-linux-s390x-gnu": {
      "version": "4.50.0",
      "resolved": "https://registry.npmjs.org/@rollup/rollup-linux-s390x-gnu/-/rollup-linux-s390x-gnu-4.50.0.tgz",
      "integrity": "sha512-CxRKyakfDrsLXiCyucVfVWVoaPA4oFSpPpDwlMcDFQvrv3XY6KEzMtMZrA+e/goC8xxp2WSOxHQubP8fPmmjOQ==",
      "cpu": [
        "s390x"
      ],
      "dev": true,
      "license": "MIT",
      "optional": true,
      "os": [
        "linux"
      ]
    },
    "node_modules/@rollup/rollup-linux-x64-gnu": {
      "version": "4.50.0",
      "resolved": "https://registry.npmjs.org/@rollup/rollup-linux-x64-gnu/-/rollup-linux-x64-gnu-4.50.0.tgz",
      "integrity": "sha512-8PrJJA7/VU8ToHVEPu14FzuSAqVKyo5gg/J8xUerMbyNkWkO9j2ExBho/68RnJsMGNJq4zH114iAttgm7BZVkA==",
      "cpu": [
        "x64"
      ],
      "dev": true,
      "license": "MIT",
      "optional": true,
      "os": [
        "linux"
      ]
    },
    "node_modules/@rollup/rollup-linux-x64-musl": {
      "version": "4.50.0",
      "resolved": "https://registry.npmjs.org/@rollup/rollup-linux-x64-musl/-/rollup-linux-x64-musl-4.50.0.tgz",
      "integrity": "sha512-SkE6YQp+CzpyOrbw7Oc4MgXFvTw2UIBElvAvLCo230pyxOLmYwRPwZ/L5lBe/VW/qT1ZgND9wJfOsdy0XptRvw==",
      "cpu": [
        "x64"
      ],
      "dev": true,
      "license": "MIT",
      "optional": true,
      "os": [
        "linux"
      ]
    },
    "node_modules/@rollup/rollup-openharmony-arm64": {
      "version": "4.50.0",
      "resolved": "https://registry.npmjs.org/@rollup/rollup-openharmony-arm64/-/rollup-openharmony-arm64-4.50.0.tgz",
      "integrity": "sha512-PZkNLPfvXeIOgJWA804zjSFH7fARBBCpCXxgkGDRjjAhRLOR8o0IGS01ykh5GYfod4c2yiiREuDM8iZ+pVsT+Q==",
      "cpu": [
        "arm64"
      ],
      "dev": true,
      "license": "MIT",
      "optional": true,
      "os": [
        "openharmony"
      ]
    },
    "node_modules/@rollup/rollup-win32-arm64-msvc": {
      "version": "4.50.0",
      "resolved": "https://registry.npmjs.org/@rollup/rollup-win32-arm64-msvc/-/rollup-win32-arm64-msvc-4.50.0.tgz",
      "integrity": "sha512-q7cIIdFvWQoaCbLDUyUc8YfR3Jh2xx3unO8Dn6/TTogKjfwrax9SyfmGGK6cQhKtjePI7jRfd7iRYcxYs93esg==",
      "cpu": [
        "arm64"
      ],
      "dev": true,
      "license": "MIT",
      "optional": true,
      "os": [
        "win32"
      ]
    },
    "node_modules/@rollup/rollup-win32-ia32-msvc": {
      "version": "4.50.0",
      "resolved": "https://registry.npmjs.org/@rollup/rollup-win32-ia32-msvc/-/rollup-win32-ia32-msvc-4.50.0.tgz",
      "integrity": "sha512-XzNOVg/YnDOmFdDKcxxK410PrcbcqZkBmz+0FicpW5jtjKQxcW1BZJEQOF0NJa6JO7CZhett8GEtRN/wYLYJuw==",
      "cpu": [
        "ia32"
      ],
      "dev": true,
      "license": "MIT",
      "optional": true,
      "os": [
        "win32"
      ]
    },
    "node_modules/@rollup/rollup-win32-x64-msvc": {
      "version": "4.50.0",
      "resolved": "https://registry.npmjs.org/@rollup/rollup-win32-x64-msvc/-/rollup-win32-x64-msvc-4.50.0.tgz",
      "integrity": "sha512-xMmiWRR8sp72Zqwjgtf3QbZfF1wdh8X2ABu3EaozvZcyHJeU0r+XAnXdKgs4cCAp6ORoYoCygipYP1mjmbjrsg==",
      "cpu": [
        "x64"
      ],
      "dev": true,
      "license": "MIT",
      "optional": true,
      "os": [
        "win32"
      ]
    },
    "node_modules/@tailwindcss/typography": {
      "version": "0.5.16",
      "resolved": "https://registry.npmjs.org/@tailwindcss/typography/-/typography-0.5.16.tgz",
      "integrity": "sha512-0wDLwCVF5V3x3b1SGXPCDcdsbDHMBe+lkFzBRaHeLvNi+nrrnZ1lA18u+OTWO8iSWU2GxUOCvlXtDuqftc1oiA==",
      "dev": true,
      "license": "MIT",
      "dependencies": {
        "lodash.castarray": "^4.4.0",
        "lodash.isplainobject": "^4.0.6",
        "lodash.merge": "^4.6.2",
        "postcss-selector-parser": "6.0.10"
      },
      "peerDependencies": {
        "tailwindcss": ">=3.0.0 || insiders || >=4.0.0-alpha.20 || >=4.0.0-beta.1"
      }
    },
    "node_modules/@types/babel__core": {
      "version": "7.20.5",
      "resolved": "https://registry.npmjs.org/@types/babel__core/-/babel__core-7.20.5.tgz",
      "integrity": "sha512-qoQprZvz5wQFJwMDqeseRXWv3rqMvhgpbXFfVyWhbx9X47POIA6i/+dXefEmZKoAgOaTdaIgNSMqMIU61yRyzA==",
      "dev": true,
      "license": "MIT",
      "dependencies": {
        "@babel/parser": "^7.20.7",
        "@babel/types": "^7.20.7",
        "@types/babel__generator": "*",
        "@types/babel__template": "*",
        "@types/babel__traverse": "*"
      }
    },
    "node_modules/@types/babel__generator": {
      "version": "7.27.0",
      "resolved": "https://registry.npmjs.org/@types/babel__generator/-/babel__generator-7.27.0.tgz",
      "integrity": "sha512-ufFd2Xi92OAVPYsy+P4n7/U7e68fex0+Ee8gSG9KX7eo084CWiQ4sdxktvdl0bOPupXtVJPY19zk6EwWqUQ8lg==",
      "dev": true,
      "license": "MIT",
      "dependencies": {
        "@babel/types": "^7.0.0"
      }
    },
    "node_modules/@types/babel__template": {
      "version": "7.4.4",
      "resolved": "https://registry.npmjs.org/@types/babel__template/-/babel__template-7.4.4.tgz",
      "integrity": "sha512-h/NUaSyG5EyxBIp8YRxo4RMe2/qQgvyowRwVMzhYhBCONbW8PUsg4lkFMrhgZhUe5z3L3MiLDuvyJ/CaPa2A8A==",
      "dev": true,
      "license": "MIT",
      "dependencies": {
        "@babel/parser": "^7.1.0",
        "@babel/types": "^7.0.0"
      }
    },
    "node_modules/@types/babel__traverse": {
      "version": "7.28.0",
      "resolved": "https://registry.npmjs.org/@types/babel__traverse/-/babel__traverse-7.28.0.tgz",
      "integrity": "sha512-8PvcXf70gTDZBgt9ptxJ8elBeBjcLOAcOtoO/mPJjtji1+CdGbHgm77om1GrsPxsiE+uXIpNSK64UYaIwQXd4Q==",
      "dev": true,
      "license": "MIT",
      "dependencies": {
        "@babel/types": "^7.28.2"
      }
    },
    "node_modules/@types/estree": {
      "version": "1.0.8",
      "resolved": "https://registry.npmjs.org/@types/estree/-/estree-1.0.8.tgz",
      "integrity": "sha512-dWHzHa2WqEXI/O1E9OjrocMTKJl2mSrEolh1Iomrv6U+JuNwaHXsXx9bLu5gG7BUWFIN0skIQJQ/L1rIex4X6w==",
      "dev": true,
      "license": "MIT"
    },
    "node_modules/@types/prop-types": {
      "version": "15.7.15",
      "resolved": "https://registry.npmjs.org/@types/prop-types/-/prop-types-15.7.15.tgz",
      "integrity": "sha512-F6bEyamV9jKGAFBEmlQnesRPGOQqS2+Uwi0Em15xenOxHaf2hv6L8YCVn3rPdPJOiJfPiCnLIRyvwVaqMY3MIw==",
      "dev": true,
      "license": "MIT"
    },
    "node_modules/@types/react": {
      "version": "18.3.24",
      "resolved": "https://registry.npmjs.org/@types/react/-/react-18.3.24.tgz",
      "integrity": "sha512-0dLEBsA1kI3OezMBF8nSsb7Nk19ZnsyE1LLhB8r27KbgU5H4pvuqZLdtE+aUkJVoXgTVuA+iLIwmZ0TuK4tx6A==",
      "dev": true,
      "license": "MIT",
      "dependencies": {
        "@types/prop-types": "*",
        "csstype": "^3.0.2"
      }
    },
    "node_modules/@types/react-dom": {
      "version": "18.3.7",
      "resolved": "https://registry.npmjs.org/@types/react-dom/-/react-dom-18.3.7.tgz",
      "integrity": "sha512-MEe3UeoENYVFXzoXEWsvcpg6ZvlrFNlOQ7EOsvhI3CfAXwzPfO8Qwuxd40nepsYKqyyVQnTdEfv68q91yLcKrQ==",
      "dev": true,
      "license": "MIT",
      "peerDependencies": {
        "@types/react": "^18.0.0"
      }
    },
    "node_modules/@vitejs/plugin-react": {
      "version": "4.7.0",
      "resolved": "https://registry.npmjs.org/@vitejs/plugin-react/-/plugin-react-4.7.0.tgz",
      "integrity": "sha512-gUu9hwfWvvEDBBmgtAowQCojwZmJ5mcLn3aufeCsitijs3+f2NsrPtlAWIR6OPiqljl96GVCUbLe0HyqIpVaoA==",
      "dev": true,
      "license": "MIT",
      "dependencies": {
        "@babel/core": "^7.28.0",
        "@babel/plugin-transform-react-jsx-self": "^7.27.1",
        "@babel/plugin-transform-react-jsx-source": "^7.27.1",
        "@rolldown/pluginutils": "1.0.0-beta.27",
        "@types/babel__core": "^7.20.5",
        "react-refresh": "^0.17.0"
      },
      "engines": {
        "node": "^14.18.0 || >=16.0.0"
      },
      "peerDependencies": {
        "vite": "^4.2.0 || ^5.0.0 || ^6.0.0 || ^7.0.0"
      }
    },
    "node_modules/autoprefixer": {
      "version": "10.4.21",
      "resolved": "https://registry.npmjs.org/autoprefixer/-/autoprefixer-10.4.21.tgz",
      "integrity": "sha512-O+A6LWV5LDHSJD3LjHYoNi4VLsj/Whi7k6zG12xTYaU4cQ8oxQGckXNX8cRHK5yOZ/ppVHe0ZBXGzSV9jXdVbQ==",
      "dev": true,
      "funding": [
        {
          "type": "opencollective",
          "url": "https://opencollective.com/postcss/"
        },
        {
          "type": "tidelift",
          "url": "https://tidelift.com/funding/github/npm/autoprefixer"
        },
        {
          "type": "github",
          "url": "https://github.com/sponsors/ai"
        }
      ],
      "license": "MIT",
      "dependencies": {
        "browserslist": "^4.24.4",
        "caniuse-lite": "^1.0.30001702",
        "fraction.js": "^4.3.7",
        "normalize-range": "^0.1.2",
        "picocolors": "^1.1.1",
        "postcss-value-parser": "^4.2.0"
      },
      "bin": {
        "autoprefixer": "bin/autoprefixer"
      },
      "engines": {
        "node": "^10 || ^12 || >=14"
      },
      "peerDependencies": {
        "postcss": "^8.1.0"
      }
    },
    "node_modules/browserslist": {
      "version": "4.25.4",
      "resolved": "https://registry.npmjs.org/browserslist/-/browserslist-4.25.4.tgz",
      "integrity": "sha512-4jYpcjabC606xJ3kw2QwGEZKX0Aw7sgQdZCvIK9dhVSPh76BKo+C+btT1RRofH7B+8iNpEbgGNVWiLki5q93yg==",
      "dev": true,
      "funding": [
        {
          "type": "opencollective",
          "url": "https://opencollective.com/browserslist"
        },
        {
          "type": "tidelift",
          "url": "https://tidelift.com/funding/github/npm/browserslist"
        },
        {
          "type": "github",
          "url": "https://github.com/sponsors/ai"
        }
      ],
      "license": "MIT",
      "dependencies": {
        "caniuse-lite": "^1.0.30001737",
        "electron-to-chromium": "^1.5.211",
        "node-releases": "^2.0.19",
        "update-browserslist-db": "^1.1.3"
      },
      "bin": {
        "browserslist": "cli.js"
      },
      "engines": {
        "node": "^6 || ^7 || ^8 || ^9 || ^10 || ^11 || ^12 || >=13.7"
      }
    },
    "node_modules/caniuse-lite": {
      "version": "1.0.30001739",
      "resolved": "https://registry.npmjs.org/caniuse-lite/-/caniuse-lite-1.0.30001739.tgz",
      "integrity": "sha512-y+j60d6ulelrNSwpPyrHdl+9mJnQzHBr08xm48Qno0nSk4h3Qojh+ziv2qE6rXf4k3tadF4o1J/1tAbVm1NtnA==",
      "dev": true,
      "funding": [
        {
          "type": "opencollective",
          "url": "https://opencollective.com/browserslist"
        },
        {
          "type": "tidelift",
          "url": "https://tidelift.com/funding/github/npm/caniuse-lite"
        },
        {
          "type": "github",
          "url": "https://github.com/sponsors/ai"
        }
      ],
      "license": "CC-BY-4.0"
    },
    "node_modules/convert-source-map": {
      "version": "2.0.0",
      "resolved": "https://registry.npmjs.org/convert-source-map/-/convert-source-map-2.0.0.tgz",
      "integrity": "sha512-Kvp459HrV2FEJ1CAsi1Ku+MY3kasH19TFykTz2xWmMeq6bk2NU3XXvfJ+Q61m0xktWwt+1HSYf3JZsTms3aRJg==",
      "dev": true,
      "license": "MIT"
    },
    "node_modules/cssesc": {
      "version": "3.0.0",
      "resolved": "https://registry.npmjs.org/cssesc/-/cssesc-3.0.0.tgz",
      "integrity": "sha512-/Tb/JcjK111nNScGob5MNtsntNM1aCNUDipB/TkwZFhyDrrE47SOx/18wF2bbjgc3ZzCSKW1T5nt5EbFoAz/Vg==",
      "dev": true,
      "license": "MIT",
      "bin": {
        "cssesc": "bin/cssesc"
      },
      "engines": {
        "node": ">=4"
      }
    },
    "node_modules/csstype": {
      "version": "3.1.3",
      "resolved": "https://registry.npmjs.org/csstype/-/csstype-3.1.3.tgz",
      "integrity": "sha512-M1uQkMl8rQK/szD0LNhtqxIPLpimGm8sOBwU7lLnCpSbTyY3yeU1Vc7l4KT5zT4s/yOxHH5O7tIuuLOCnLADRw==",
      "dev": true,
      "license": "MIT"
    },
    "node_modules/debug": {
      "version": "4.4.1",
      "resolved": "https://registry.npmjs.org/debug/-/debug-4.4.1.tgz",
      "integrity": "sha512-KcKCqiftBJcZr++7ykoDIEwSa3XWowTfNPo92BYxjXiyYEVrUQh2aLyhxBCwww+heortUFxEJYcRzosstTEBYQ==",
      "dev": true,
      "license": "MIT",
      "dependencies": {
        "ms": "^2.1.3"
      },
      "engines": {
        "node": ">=6.0"
      },
      "peerDependenciesMeta": {
        "supports-color": {
          "optional": true
        }
      }
    },
    "node_modules/electron-to-chromium": {
      "version": "1.5.214",
      "resolved": "https://registry.npmjs.org/electron-to-chromium/-/electron-to-chromium-1.5.214.tgz",
      "integrity": "sha512-TpvUNdha+X3ybfU78NoQatKvQEm1oq3lf2QbnmCEdw+Bd9RuIAY+hJTvq1avzHM0f7EJfnH3vbCnbzKzisc/9Q==",
      "dev": true,
      "license": "ISC"
    },
    "node_modules/esbuild": {
      "version": "0.21.5",
      "resolved": "https://registry.npmjs.org/esbuild/-/esbuild-0.21.5.tgz",
      "integrity": "sha512-mg3OPMV4hXywwpoDxu3Qda5xCKQi+vCTZq8S9J/EpkhB2HzKXq4SNFZE3+NK93JYxc8VMSep+lOUSC/RVKaBqw==",
      "dev": true,
      "hasInstallScript": true,
      "license": "MIT",
      "bin": {
        "esbuild": "bin/esbuild"
      },
      "engines": {
        "node": ">=12"
      },
      "optionalDependencies": {
        "@esbuild/aix-ppc64": "0.21.5",
        "@esbuild/android-arm": "0.21.5",
        "@esbuild/android-arm64": "0.21.5",
        "@esbuild/android-x64": "0.21.5",
        "@esbuild/darwin-arm64": "0.21.5",
        "@esbuild/darwin-x64": "0.21.5",
        "@esbuild/freebsd-arm64": "0.21.5",
        "@esbuild/freebsd-x64": "0.21.5",
        "@esbuild/linux-arm": "0.21.5",
        "@esbuild/linux-arm64": "0.21.5",
        "@esbuild/linux-ia32": "0.21.5",
        "@esbuild/linux-loong64": "0.21.5",
        "@esbuild/linux-mips64el": "0.21.5",
        "@esbuild/linux-ppc64": "0.21.5",
        "@esbuild/linux-riscv64": "0.21.5",
        "@esbuild/linux-s390x": "0.21.5",
        "@esbuild/linux-x64": "0.21.5",
        "@esbuild/netbsd-x64": "0.21.5",
        "@esbuild/openbsd-x64": "0.21.5",
        "@esbuild/sunos-x64": "0.21.5",
        "@esbuild/win32-arm64": "0.21.5",
        "@esbuild/win32-ia32": "0.21.5",
        "@esbuild/win32-x64": "0.21.5"
      }
    },
    "node_modules/escalade": {
      "version": "3.2.0",
      "resolved": "https://registry.npmjs.org/escalade/-/escalade-3.2.0.tgz",
      "integrity": "sha512-WUj2qlxaQtO4g6Pq5c29GTcWGDyd8itL8zTlipgECz3JesAiiOKotd8JU6otB3PACgG6xkJUyVhboMS+bje/jA==",
      "dev": true,
      "license": "MIT",
      "engines": {
        "node": ">=6"
      }
    },
    "node_modules/fraction.js": {
      "version": "4.3.7",
      "resolved": "https://registry.npmjs.org/fraction.js/-/fraction.js-4.3.7.tgz",
      "integrity": "sha512-ZsDfxO51wGAXREY55a7la9LScWpwv9RxIrYABrlvOFBlH/ShPnrtsXeuUIfXKKOVicNxQ+o8JTbJvjS4M89yew==",
      "dev": true,
      "license": "MIT",
      "engines": {
        "node": "*"
      },
      "funding": {
        "type": "patreon",
        "url": "https://github.com/sponsors/rawify"
      }
    },
    "node_modules/fsevents": {
      "version": "2.3.3",
      "resolved": "https://registry.npmjs.org/fsevents/-/fsevents-2.3.3.tgz",
      "integrity": "sha512-5xoDfX+fL7faATnagmWPpbFtwh/R77WmMMqqHGS65C3vvB0YHrgF+B1YmZ3441tMj5n63k0212XNoJwzlhffQw==",
      "dev": true,
      "hasInstallScript": true,
      "license": "MIT",
      "optional": true,
      "os": [
        "darwin"
      ],
      "engines": {
        "node": "^8.16.0 || ^10.6.0 || >=11.0.0"
      }
    },
    "node_modules/gensync": {
      "version": "1.0.0-beta.2",
      "dev": true,
      "license": "MIT",
      "engines": {
        "node": ">=6.9.0"
      }
    },
    "node_modules/js-tokens": {
      "version": "4.0.0",
      "resolved": "https://registry.npmjs.org/js-tokens/-/js-tokens-4.0.0.tgz",
      "integrity": "sha512-RdJUflcE3cUzKiMqQgsCu06FPu9UdIJO0beYbPhHN4k6apgJtifcoCtT9bcxOpYBtpD2kCM6Sbzg4CausW/PKQ==",
      "license": "MIT"
    },
    "node_modules/jsesc": {
      "version": "3.1.0",
      "resolved": "https://registry.npmjs.org/jsesc/-/jsesc-3.1.0.tgz",
      "integrity": "sha512-/sM3dO2FOzXjKQhJuo0Q173wf2KOo8t4I8vHy6lF9poUp7bKT0/NHE8fPX23PwfhnykfqnC2xRxOnVw5XuGIaA==",
      "dev": true,
      "license": "MIT",
      "bin": {
        "jsesc": "bin/jsesc"
      },
      "engines": {
        "node": ">=6"
      }
    },
    "node_modules/lodash.castarray": {
      "version": "4.4.0",
      "resolved": "https://registry.npmjs.org/lodash.castarray/-/lodash.castarray-4.4.0.tgz",
      "integrity": "sha512-aVx8ztPv7/2ULbArGJ2Y42bG1mEQ5mGjpdvrbJcJFU3TbYybe+QlLS4pst9zV52ymy2in1KpFPiZnAOATxD4+Q==",
      "dev": true,
      "license": "MIT"
    },
    "node_modules/lodash.isplainobject": {
      "version": "4.0.6",
      "resolved": "https://registry.npmjs.org/lodash.isplainobject/-/lodash.isplainobject-4.0.6.tgz",
      "integrity": "sha512-oSXzaWypCMHkPC3NvBEaPHf0KsA5mvPrOPgQWDsbg8n7orZ290M0BmC/jgRZ4vcJ6DTAhjrsSYgdsW/F+MFOBA==",
      "dev": true,
      "license": "MIT"
    },
    "node_modules/lodash.merge": {
      "version": "4.6.2",
      "resolved": "https://registry.npmjs.org/lodash.merge/-/lodash.merge-4.6.2.tgz",
      "integrity": "sha512-0KpjqXRVvrYyCsX1swR/XTK0va6VQkQM6MNo7PqW77ByjAhoARA8EfrP1N4+KlKj8YS0ZUCtRT/YUuhyYDujIQ==",
      "dev": true,
      "license": "MIT"
    },
    "node_modules/loose-envify": {
      "version": "1.4.0",
      "resolved": "https://registry.npmjs.org/loose-envify/-/loose-envify-1.4.0.tgz",
      "integrity": "sha512-lyuxPGr/Wfhrlem2CL/UcnUc1zcqKAImBDzukY7Y5F/yQiNdko6+fRLevlw1HgMySw7f611UIY408EtxRSoK3Q==",
      "license": "MIT",
      "dependencies": {
        "js-tokens": "^3.0.0 || ^4.0.0"
      },
      "bin": {
        "loose-envify": "cli.js"
      }
    },
    "node_modules/lru-cache": {
      "version": "5.1.1",
      "resolved": "https://registry.npmjs.org/lru-cache/-/lru-cache-5.1.1.tgz",
      "integrity": "sha512-KpNARQA3Iwv+jTA0utUVVbrh+Jlrr1Fv0e56GGzAFOXN7dk/FviaDW8LHmK52DlcH4WP2n6gI8vN1aesBFgo9w==",
      "dev": true,
      "license": "ISC",
      "dependencies": {
        "yallist": "^3.0.2"
      }
    },
    "node_modules/ms": {
      "version": "2.1.3",
      "resolved": "https://registry.npmjs.org/ms/-/ms-2.1.3.tgz",
      "integrity": "sha512-6FlzubTLZG3J2a/NVCAleEhjzq5oxgHyaCU9yYXvcLsvoVaHJq/s5xXI6/XXP6tz7R9xAOtHnSO/tXtF3WRTlA==",
      "dev": true,
      "license": "MIT"
    },
    "node_modules/nanoid": {
      "version": "3.3.11",
      "resolved": "https://registry.npmjs.org/nanoid/-/nanoid-3.3.11.tgz",
      "integrity": "sha512-N8SpfPUnUp1bK+PMYW8qSWdl9U+wwNWI4QKxOYDy9JAro3WMX7p2OeVRF9v+347pnakNevPmiHhNmZ2HbFA76w==",
      "dev": true,
      "funding": [
        {
          "type": "github",
          "url": "https://github.com/sponsors/ai"
        }
      ],
      "license": "MIT",
      "bin": {
        "nanoid": "bin/nanoid.cjs"
      },
      "engines": {
        "node": "^10 || ^12 || ^13.7 || ^14 || >=15.0.1"
      }
    },
    "node_modules/node-releases": {
      "version": "2.0.19",
      "resolved": "https://registry.npmjs.org/node-releases/-/node-releases-2.0.19.tgz",
      "integrity": "sha512-xxOWJsBKtzAq7DY0J+DTzuz58K8e7sJbdgwkbMWQe8UYB6ekmsQ45q0M/tJDsGaZmbC+l7n57UV8Hl5tHxO9uw==",
      "dev": true,
      "license": "MIT"
    },
    "node_modules/normalize-range": {
      "version": "0.1.2",
      "resolved": "https://registry.npmjs.org/normalize-range/-/normalize-range-0.1.2.tgz",
      "integrity": "sha512-bdok/XvKII3nUpklnV6P2hxtMNrCboOjAcyBuQnWEhO665FwrSNRxU+AqpsyvO6LgGYPspN+lu5CLtw4jPRKNA==",
      "dev": true,
      "license": "MIT",
      "engines": {
        "node": ">=0.10.0"
      }
    },
    "node_modules/picocolors": {
      "version": "1.1.1",
      "resolved": "https://registry.npmjs.org/picocolors/-/picocolors-1.1.1.tgz",
      "integrity": "sha512-xceH2snhtb5M9liqDsmEw56le376mTZkEX/jEb/RxNFyegNul7eNslCXP9FDj/Lcu0X8KEyMceP2ntpaHrDEVA==",
      "dev": true,
      "license": "ISC"
    },
    "node_modules/postcss": {
      "version": "8.5.6",
      "resolved": "https://registry.npmjs.org/postcss/-/postcss-8.5.6.tgz",
      "integrity": "sha512-3Ybi1tAuwAP9s0r1UQ2J4n5Y0G05bJkpUIO0/bI9MhwmD70S5aTWbXGBwxHrelT+XM1k6dM0pk+SwNkpTRN7Pg==",
      "dev": true,
      "funding": [
        {
          "type": "opencollective",
          "url": "https://opencollective.com/postcss/"
        },
        {
          "type": "tidelift",
          "url": "https://tidelift.com/funding/github/npm/postcss"
        },
        {
          "type": "github",
          "url": "https://github.com/sponsors/ai"
        }
      ],
      "license": "MIT",
      "dependencies": {
        "nanoid": "^3.3.11",
        "picocolors": "^1.1.1",
        "source-map-js": "^1.2.1"
      },
      "engines": {
        "node": "^10 || ^12 || >=14"
      }
    },
    "node_modules/postcss-selector-parser": {
      "version": "6.0.10",
      "resolved": "https://registry.npmjs.org/postcss-selector-parser/-/postcss-selector-parser-6.0.10.tgz",
      "integrity": "sha512-IQ7TZdoaqbT+LCpShg46jnZVlhWD2w6iQYAcYXfHARZ7X1t/UGhhceQDs5X0cGqKvYlHNOuv7Oa1xmb0oQuA3w==",
      "dev": true,
      "license": "MIT",
      "dependencies": {
        "cssesc": "^3.0.0",
        "util-deprecate": "^1.0.2"
      },
      "engines": {
        "node": ">=4"
      }
    },
    "node_modules/postcss-value-parser": {
      "version": "4.2.0",
      "resolved": "https://registry.npmjs.org/postcss-value-parser/-/postcss-value-parser-4.2.0.tgz",
      "integrity": "sha512-1NNCs6uurfkVbeXG4S8JFT9t19m45ICnif8zWLd5oPSZ50QnwMfK+H3jv408d4jw/7Bttv5axS5IiHoLaVNHeQ==",
      "dev": true,
      "license": "MIT"
    },
    "node_modules/react": {
      "version": "18.3.1",
      "resolved": "https://registry.npmjs.org/react/-/react-18.3.1.tgz",
      "integrity": "sha512-wS+hAgJShR0KhEvPJArfuPVN1+Hz1t0Y6n5jLrGQbkb4urgPE/0Rve+1kMB1v/oWgHgm4WIcV+i7F2pTVj+2iQ==",
      "license": "MIT",
      "dependencies": {
        "loose-envify": "^1.1.0"
      },
      "engines": {
        "node": ">=0.10.0"
      }
    },
    "node_modules/react-dom": {
      "version": "18.3.1",
      "resolved": "https://registry.npmjs.org/react-dom/-/react-dom-18.3.1.tgz",
      "integrity": "sha512-5m4nQKp+rZRb09LNH59GM4BxTh9251/ylbKIbpe7TpGxfJ+9kv6BLkLBXIjjspbgbnIBNqlI23tRnTWT0snUIw==",
      "license": "MIT",
      "dependencies": {
        "loose-envify": "^1.1.0",
        "scheduler": "^0.23.2"
      },
      "peerDependencies": {
        "react": "^18.3.1"
      }
    },
    "node_modules/react-refresh": {
      "version": "0.17.0",
      "resolved": "https://registry.npmjs.org/react-refresh/-/react-refresh-0.17.0.tgz",
      "integrity": "sha512-z6F7K9bV85EfseRCp2bzrpyQ0Gkw1uLoCel9XBVWPg/TjRj94SkJzUTGfOa4bs7iJvBWtQG0Wq7wnI0syw3EBQ==",
      "dev": true,
      "license": "MIT",
      "engines": {
        "node": ">=0.10.0"
      }
    },
    "node_modules/react-router": {
      "version": "6.30.1",
      "resolved": "https://registry.npmjs.org/react-router/-/react-router-6.30.1.tgz",
      "integrity": "sha512-X1m21aEmxGXqENEPG3T6u0Th7g0aS4ZmoNynhbs+Cn+q+QGTLt+d5IQ2bHAXKzKcxGJjxACpVbnYQSCRcfxHlQ==",
      "license": "MIT",
      "dependencies": {
        "@remix-run/router": "1.23.0"
      },
      "engines": {
        "node": ">=14.0.0"
      },
      "peerDependencies": {
        "react": ">=16.8"
      }
    },
    "node_modules/react-router-dom": {
      "version": "6.30.1",
      "resolved": "https://registry.npmjs.org/react-router-dom/-/react-router-dom-6.30.1.tgz",
      "integrity": "sha512-llKsgOkZdbPU1Eg3zK8lCn+sjD9wMRZZPuzmdWWX5SUs8OFkN5HnFVC0u5KMeMaC9aoancFI/KoLuKPqN+hxHw==",
      "license": "MIT",
      "dependencies": {
        "@remix-run/router": "1.23.0",
        "react-router": "6.30.1"
      },
      "engines": {
        "node": ">=14.0.0"
      },
      "peerDependencies": {
        "react": ">=16.8",
        "react-dom": ">=16.8"
      }
    },
    "node_modules/rollup": {
      "version": "4.50.0",
      "resolved": "https://registry.npmjs.org/rollup/-/rollup-4.50.0.tgz",
      "integrity": "sha512-/Zl4D8zPifNmyGzJS+3kVoyXeDeT/GrsJM94sACNg9RtUE0hrHa1bNPtRSrfHTMH5HjRzce6K7rlTh3Khiw+pw==",
      "dev": true,
      "license": "MIT",
      "dependencies": {
        "@types/estree": "1.0.8"
      },
      "bin": {
        "rollup": "dist/bin/rollup"
      },
      "engines": {
        "node": ">=18.0.0",
        "npm": ">=8.0.0"
      },
      "optionalDependencies": {
        "@rollup/rollup-android-arm-eabi": "4.50.0",
        "@rollup/rollup-android-arm64": "4.50.0",
        "@rollup/rollup-darwin-arm64": "4.50.0",
        "@rollup/rollup-darwin-x64": "4.50.0",
        "@rollup/rollup-freebsd-arm64": "4.50.0",
        "@rollup/rollup-freebsd-x64": "4.50.0",
        "@rollup/rollup-linux-arm-gnueabihf": "4.50.0",
        "@rollup/rollup-linux-arm-musleabihf": "4.50.0",
        "@rollup/rollup-linux-arm64-gnu": "4.50.0",
        "@rollup/rollup-linux-arm64-musl": "4.50.0",
        "@rollup/rollup-linux-loongarch64-gnu": "4.50.0",
        "@rollup/rollup-linux-ppc64-gnu": "4.50.0",
        "@rollup/rollup-linux-riscv64-gnu": "4.50.0",
        "@rollup/rollup-linux-riscv64-musl": "4.50.0",
        "@rollup/rollup-linux-s390x-gnu": "4.50.0",
        "@rollup/rollup-linux-x64-gnu": "4.50.0",
        "@rollup/rollup-linux-x64-musl": "4.50.0",
        "@rollup/rollup-openharmony-arm64": "4.50.0",
        "@rollup/rollup-win32-arm64-msvc": "4.50.0",
        "@rollup/rollup-win32-ia32-msvc": "4.50.0",
        "@rollup/rollup-win32-x64-msvc": "4.50.0",
        "fsevents": "~2.3.2"
      }
    },
    "node_modules/scheduler": {
      "version": "0.23.2",
      "resolved": "https://registry.npmjs.org/scheduler/-/scheduler-0.23.2.tgz",
      "integrity": "sha512-UOShsPwz7NrMUqhR6t0hWjFduvOzbtv7toDH1/hIrfRNIDBnnBWd0CwJTGvTpngVlmwGCdP9/Zl/tVrDqcuYzQ==",
      "license": "MIT",
      "dependencies": {
        "loose-envify": "^1.1.0"
      }
    },
    "node_modules/semver": {
      "version": "6.3.1",
      "resolved": "https://registry.npmjs.org/semver/-/semver-6.3.1.tgz",
      "integrity": "sha512-BR7VvDCVHO+q2xBEWskxS6DJE1qRnb7DxzUrogb71CWoSficBxYsiAGd+Kl0mmq/MprG9yArRkyrQxTO6XjMzA==",
      "dev": true,
      "license": "ISC",
      "bin": {
        "semver": "bin/semver.js"
      }
    },
    "node_modules/source-map-js": {
      "version": "1.2.1",
      "resolved": "https://registry.npmjs.org/source-map-js/-/source-map-js-1.2.1.tgz",
      "integrity": "sha512-UXWMKhLOwVKb728IUtQPXxfYU+usdybtUrK/8uGE8CQMvrhOpwvzDBwj0QhSL7MQc7vIsISBG8VQ8+IDQxpfQA==",
      "dev": true,
      "license": "BSD-3-Clause",
      "engines": {
        "node": ">=0.10.0"
      }
    },
    "node_modules/tailwindcss": {
      "version": "4.1.12",
      "resolved": "https://registry.npmjs.org/tailwindcss/-/tailwindcss-4.1.12.tgz",
      "integrity": "sha512-DzFtxOi+7NsFf7DBtI3BJsynR+0Yp6etH+nRPTbpWnS2pZBaSksv/JGctNwSWzbFjp0vxSqknaUylseZqMDGrA==",
      "dev": true,
      "license": "MIT"
    },
    "node_modules/typescript": {
      "version": "5.9.2",
      "resolved": "https://registry.npmjs.org/typescript/-/typescript-5.9.2.tgz",
      "integrity": "sha512-CWBzXQrc/qOkhidw1OzBTQuYRbfyxDXJMVJ1XNwUHGROVmuaeiEm3OslpZ1RV96d7SKKjZKrSJu3+t/xlw3R9A==",
      "dev": true,
      "license": "Apache-2.0",
      "bin": {
        "tsc": "bin/tsc",
        "tsserver": "bin/tsserver"
      },
      "engines": {
        "node": ">=14.17"
      }
    },
    "node_modules/update-browserslist-db": {
      "version": "1.1.3",
      "resolved": "https://registry.npmjs.org/update-browserslist-db/-/update-browserslist-db-1.1.3.tgz",
      "integrity": "sha512-UxhIZQ+QInVdunkDAaiazvvT/+fXL5Osr0JZlJulepYu6Jd7qJtDZjlur0emRlT71EN3ScPoE7gvsuIKKNavKw==",
      "dev": true,
      "funding": [
        {
          "type": "opencollective",
          "url": "https://opencollective.com/browserslist"
        },
        {
          "type": "tidelift",
          "url": "https://tidelift.com/funding/github/npm/browserslist"
        },
        {
          "type": "github",
          "url": "https://github.com/sponsors/ai"
        }
      ],
      "license": "MIT",
      "dependencies": {
        "escalade": "^3.2.0",
        "picocolors": "^1.1.1"
      },
      "bin": {
        "update-browserslist-db": "cli.js"
      },
      "peerDependencies": {
        "browserslist": ">= 4.21.0"
      }
    },
    "node_modules/util-deprecate": {
      "version": "1.0.2",
      "resolved": "https://registry.npmjs.org/util-deprecate/-/util-deprecate-1.0.2.tgz",
      "integrity": "sha512-EPD5q1uXyFxJpCrLnCc1nHnq3gOa6DZBocAIiI2TaSCA7VCJ1UJDMagCzIkXNsUYfD1daK//LTEQ8xiIbrHtcw==",
      "dev": true,
      "license": "MIT"
    },
    "node_modules/vite": {
      "version": "5.4.19",
      "resolved": "https://registry.npmjs.org/vite/-/vite-5.4.19.tgz",
      "integrity": "sha512-qO3aKv3HoQC8QKiNSTuUM1l9o/XX3+c+VTgLHbJWHZGeTPVAg2XwazI9UWzoxjIJCGCV2zU60uqMzjeLZuULqA==",
      "dev": true,
      "license": "MIT",
      "dependencies": {
        "esbuild": "^0.21.3",
        "postcss": "^8.4.43",
        "rollup": "^4.20.0"
      },
      "bin": {
        "vite": "bin/vite.js"
      },
      "engines": {
        "node": "^18.0.0 || >=20.0.0"
      },
      "funding": {
        "url": "https://github.com/vitejs/vite?sponsor=1"
      },
      "optionalDependencies": {
        "fsevents": "~2.3.3"
      },
      "peerDependencies": {
        "@types/node": "^18.0.0 || >=20.0.0",
        "less": "*",
        "lightningcss": "^1.21.0",
        "sass": "*",
        "sass-embedded": "*",
        "stylus": "*",
        "sugarss": "*",
        "terser": "^5.4.0"
      },
      "peerDependenciesMeta": {
        "@types/node": {
          "optional": true
        },
        "less": {
          "optional": true
        },
        "lightningcss": {
          "optional": true
        },
        "sass": {
          "optional": true
        },
        "sass-embedded": {
          "optional": true
        },
        "stylus": {
          "optional": true
        },
        "sugarss": {
          "optional": true
        },
        "terser": {
          "optional": true
        }
      }
    },
    "node_modules/yallist": {
      "version": "3.1.1",
      "resolved": "https://registry.npmjs.org/yallist/-/yallist-3.1.1.tgz",
      "integrity": "sha512-a4UGQaWPH59mOXUYnAG2ewncQS4i4F43Tv3JoAM+s2VDAmS9NsK8GpDMLrCHPksFT7h3K6TOoUNn2pb7RoXx4g==",
      "dev": true,
      "license": "ISC"
    }
  }
}
